"","img_name","SPC20","SPC50","SPC80","Density"
"1","20170724_SPC.tif",1909.73,437.46,47.43,39.7583265732981
"2","20180717_SPC.tif",1470.12,466.26,93.54,43.9030907160505
"3","20190803_SPC.tif",1661.8,433.83,50.09,41.0313715497112
"4","20200726_SPC.tif",1514.06,442.17,60.3,42.4635767567912
"5","20210713_SPC.tif",2247.21,627.61,50.03,41.8111859859536
"6","20220731_SPC.tif",1550.9,368.88,20.5,39.4905272510575
"7","20230805_SPC.tif",1912.59,447.57,28.15,39.6678051637228
"8","20240722_SPC.tif",2311.81,834.72,110.99,45.4169755869558
